-- phpMyAdmin SQL Dump
-- version 5.2.1
-- https://www.phpmyadmin.net/
--
-- Servidor: 127.0.0.1
-- Tiempo de generación: 28-04-2026 a las 01:07:12
-- Versión del servidor: 10.4.32-MariaDB
-- Versión de PHP: 8.2.12

SET SQL_MODE = "NO_AUTO_VALUE_ON_ZERO";
START TRANSACTION;
SET time_zone = "+00:00";


/*!40101 SET @OLD_CHARACTER_SET_CLIENT=@@CHARACTER_SET_CLIENT */;
/*!40101 SET @OLD_CHARACTER_SET_RESULTS=@@CHARACTER_SET_RESULTS */;
/*!40101 SET @OLD_COLLATION_CONNECTION=@@COLLATION_CONNECTION */;
/*!40101 SET NAMES utf8mb4 */;

--
-- Base de datos: `rrhh`
--

-- --------------------------------------------------------

--
-- Estructura de tabla para la tabla `asignacion_empleado`
--

CREATE TABLE `asignacion_empleado` (
  `id_asig_emp` int(11) NOT NULL,
  `empleado_id` int(11) NOT NULL,
  `id_asignacion` int(11) DEFAULT NULL,
  `monto` decimal(10,2) NOT NULL,
  `activa` tinyint(1) DEFAULT 1,
  `creada_en` timestamp NOT NULL DEFAULT current_timestamp()
) ENGINE=InnoDB DEFAULT CHARSET=utf8mb4 COLLATE=utf8mb4_general_ci;

--
-- Volcado de datos para la tabla `asignacion_empleado`
--

INSERT INTO `asignacion_empleado` (`id_asig_emp`, `empleado_id`, `id_asignacion`, `monto`, `activa`, `creada_en`) VALUES
(1, 2, 4, 0.04, 0, '2026-03-07 02:59:24'),
(2, 2, 3, 10000.00, 0, '2026-03-07 02:59:43'),
(3, 2, 1, 1000.00, 1, '2026-03-07 03:16:49'),
(4, 5, 1, 1000.00, 1, '2026-03-07 03:17:31'),
(7, 2, 5, 10000.00, 1, '2026-03-07 14:20:17'),
(8, 2, 1, 10000.00, 1, '2026-03-09 15:35:50'),
(9, 5, 5, 10000.00, 1, '2026-03-09 15:36:58'),
(10, 5, 7, 10.00, 1, '2026-03-10 22:20:08'),
(11, 2, 7, 155.00, 1, '2026-04-17 15:00:49');

-- --------------------------------------------------------

--
-- Estructura de tabla para la tabla `auditoria`
--

CREATE TABLE `auditoria` (
  `id` int(11) NOT NULL,
  `usuario` varchar(100) NOT NULL,
  `cargo_id` int(11) NOT NULL,
  `accion` varchar(50) NOT NULL,
  `modulo` varchar(80) NOT NULL,
  `descripcion` text NOT NULL,
  `ip` varchar(45) NOT NULL,
  `fecha` datetime NOT NULL DEFAULT current_timestamp()
) ENGINE=InnoDB DEFAULT CHARSET=latin1 COLLATE=latin1_swedish_ci;

--
-- Volcado de datos para la tabla `auditoria`
--

INSERT INTO `auditoria` (`id`, `usuario`, `cargo_id`, `accion`, `modulo`, `descripcion`, `ip`, `fecha`) VALUES
(1, 'jhon', 1, 'CREAR', 'Asignaciones', 'Asignó asignación ID 7 al empleado ID 2', '::1', '2026-04-17 11:00:49'),
(2, 'jhon', 1, 'CREAR', 'Feriados', 'Carga automática 2026: 15 insertados, 0 ya existían', '::1', '2026-04-21 09:26:45');

-- --------------------------------------------------------

--
-- Estructura de tabla para la tabla `cargo`
--

CREATE TABLE `cargo` (
  `cargo_id` int(11) NOT NULL,
  `nombre_cargo` varchar(250) NOT NULL
) ENGINE=InnoDB DEFAULT CHARSET=latin1 COLLATE=latin1_swedish_ci;

--
-- Volcado de datos para la tabla `cargo`
--

INSERT INTO `cargo` (`cargo_id`, `nombre_cargo`) VALUES
(1, 'administrador'),
(2, 'trabajador'),
(3, 'Analista de Nómina'),
(4, 'RRHH'),
(5, 'Finanzas');

-- --------------------------------------------------------

--
-- Estructura de tabla para la tabla `deduccion_empleado`
--

CREATE TABLE `deduccion_empleado` (
  `id_deduccion_emp` int(11) NOT NULL,
  `empleado_id` int(11) NOT NULL,
  `id_tipo` int(11) DEFAULT NULL,
  `monto` decimal(12,2) NOT NULL,
  `cuotas` int(11) DEFAULT 1,
  `cuota_actual` int(11) DEFAULT 0,
  `activa` tinyint(1) DEFAULT 1,
  `creada_en` timestamp NOT NULL DEFAULT current_timestamp(),
  `nombre` varchar(150) NOT NULL
) ENGINE=InnoDB DEFAULT CHARSET=utf8mb4 COLLATE=utf8mb4_general_ci;

--
-- Volcado de datos para la tabla `deduccion_empleado`
--

INSERT INTO `deduccion_empleado` (`id_deduccion_emp`, `empleado_id`, `id_tipo`, `monto`, `cuotas`, `cuota_actual`, `activa`, `creada_en`, `nombre`) VALUES
(1, 2, NULL, 500.00, 1, 1, 0, '2026-01-24 14:01:16', 'prestamo'),
(2, 1, NULL, 100.00, 1, 1, 0, '2026-01-24 17:18:27', 'prestamo'),
(3, 2, NULL, 333.00, 1, 1, 0, '2026-03-07 18:05:33', 'prestamo carro'),
(6, 1, NULL, 2000.00, 1, 1, 0, '2026-03-09 21:53:44', 'prestamo');

-- --------------------------------------------------------

--
-- Estructura de tabla para la tabla `detalle_asignacion`
--

CREATE TABLE `detalle_asignacion` (
  `id_detalle_asig` int(11) NOT NULL,
  `id_detalle` int(11) NOT NULL,
  `id_asignacion` int(11) NOT NULL,
  `monto` decimal(12,2) NOT NULL DEFAULT 0.00
) ENGINE=InnoDB DEFAULT CHARSET=utf8mb4 COLLATE=utf8mb4_general_ci;

--
-- Volcado de datos para la tabla `detalle_asignacion`
--

INSERT INTO `detalle_asignacion` (`id_detalle_asig`, `id_detalle`, `id_asignacion`, `monto`) VALUES
(1, 1, 1, 0.00),
(2, 1, 2, 2500.00),
(3, 1, 3, 0.00),
(4, 2, 1, 0.00),
(5, 2, 2, 90.00),
(6, 2, 3, 0.00),
(7, 3, 1, 0.00),
(8, 3, 2, 2500.00),
(9, 3, 3, 0.00),
(10, 4, 1, 0.00),
(11, 4, 2, 90.00),
(12, 4, 3, 0.00),
(13, 5, 1, 0.00),
(14, 5, 2, 2500.00),
(15, 5, 3, 0.00),
(16, 6, 1, 0.00),
(17, 6, 2, 90.00),
(18, 6, 3, 0.00),
(19, 7, 1, 0.00),
(20, 7, 2, 2500.00),
(21, 7, 3, 0.00),
(22, 8, 1, 0.00),
(23, 8, 2, 90.00),
(24, 8, 3, 0.00),
(25, 9, 1, 0.00),
(26, 9, 2, 2500.00),
(27, 9, 3, 0.00),
(28, 10, 1, 0.00),
(29, 10, 2, 90.00),
(30, 10, 3, 0.00),
(31, 11, 1, 0.00),
(32, 11, 2, 2500.00),
(33, 11, 3, 0.00),
(34, 12, 1, 0.00),
(35, 12, 2, 90.00),
(36, 12, 3, 0.00),
(37, 13, 1, 0.00),
(38, 13, 2, 2500.00),
(39, 13, 3, 0.00),
(40, 14, 1, 0.00),
(41, 14, 2, 90.00),
(42, 14, 3, 0.00),
(43, 15, 1, 0.00),
(44, 15, 2, 2500.00),
(45, 15, 3, 0.00),
(46, 16, 1, 0.00),
(47, 16, 2, 90.00),
(48, 16, 3, 0.00),
(49, 17, 1, 0.00),
(50, 17, 2, 2500.00),
(51, 17, 3, 0.00),
(52, 18, 1, 0.00),
(53, 18, 2, 90.00),
(54, 18, 3, 0.00),
(55, 19, 1, 0.00),
(56, 19, 2, 2500.00),
(57, 19, 3, 0.00),
(58, 20, 1, 0.00),
(59, 20, 2, 90.00),
(60, 20, 3, 0.00),
(70, 24, 1, 0.00),
(71, 24, 2, 2500.00),
(72, 24, 3, 0.00),
(73, 25, 1, 0.00),
(74, 25, 2, 1000.00),
(75, 25, 3, 0.00),
(76, 26, 1, 0.00),
(77, 26, 2, 2500.00),
(78, 26, 3, 0.00),
(79, 27, 1, 0.00),
(80, 27, 2, 1000.00),
(81, 27, 3, 0.00),
(82, 28, 1, 0.00),
(83, 28, 2, 2500.00),
(84, 28, 3, 0.00),
(85, 29, 1, 0.00),
(86, 29, 2, 1000.00),
(87, 29, 3, 0.00),
(124, 42, 1, 0.00),
(125, 42, 2, 2500.00),
(126, 42, 3, 0.00),
(127, 43, 1, 0.00),
(128, 43, 2, 1000.00),
(129, 43, 3, 0.00),
(157, 53, 1, 0.00),
(158, 53, 2, 625.00),
(159, 53, 3, 0.00),
(160, 54, 1, 0.00),
(161, 54, 2, 250.00),
(162, 54, 3, 0.00),
(163, 55, 1, 0.00),
(164, 55, 2, 2500.00),
(165, 55, 3, 0.00),
(166, 56, 1, 0.00),
(167, 56, 2, 1000.00),
(168, 56, 3, 0.00),
(169, 57, 1, 0.00),
(170, 57, 2, 2500.00),
(171, 57, 3, 0.00),
(172, 58, 1, 0.00),
(173, 58, 2, 1000.00),
(174, 58, 3, 0.00),
(175, 59, 1, 0.00),
(176, 59, 2, 100.00),
(177, 59, 3, 0.00),
(178, 60, 1, 0.00),
(179, 60, 2, 140.00),
(180, 60, 3, 0.00),
(181, 61, 1, 0.00),
(182, 61, 2, 2500.00),
(183, 61, 3, 0.00),
(184, 62, 1, 0.00),
(185, 62, 2, 1000.00),
(186, 62, 3, 0.00),
(187, 63, 1, 0.00),
(188, 63, 2, 100.00),
(189, 63, 3, 0.00),
(190, 64, 1, 0.00),
(191, 64, 2, 2500.00),
(192, 64, 3, 0.00),
(193, 65, 1, 0.00),
(194, 65, 2, 1000.00),
(195, 65, 3, 0.00),
(196, 66, 1, 0.00),
(197, 66, 2, 100.00),
(198, 66, 3, 0.00),
(199, 67, 1, 0.00),
(200, 67, 2, 140.00),
(201, 67, 3, 0.00),
(202, 68, 1, 0.00),
(203, 68, 2, 2500.00),
(204, 68, 3, 0.00),
(205, 69, 1, 0.00),
(206, 69, 2, 1000.00),
(207, 69, 3, 0.00),
(208, 70, 1, 0.00),
(209, 70, 2, 100.00),
(210, 70, 3, 0.00),
(211, 71, 1, 0.00),
(212, 71, 2, 2500.00),
(213, 71, 3, 0.00),
(214, 72, 1, 0.00),
(215, 72, 2, 1000.00),
(216, 72, 3, 0.00),
(217, 73, 1, 0.00),
(218, 73, 2, 100.00),
(219, 73, 3, 0.00),
(220, 74, 1, 0.00),
(221, 74, 2, 140.00),
(222, 74, 3, 0.00),
(223, 75, 1, 0.00),
(224, 75, 2, 2500.00),
(225, 75, 3, 0.00),
(226, 76, 1, 0.00),
(227, 76, 2, 140.00),
(228, 76, 3, 0.00),
(229, 77, 1, 0.00),
(230, 77, 2, 625.00),
(231, 77, 3, 0.00),
(232, 77, 4, 625.00),
(233, 77, 5, 0.00),
(234, 78, 1, 1000.00),
(235, 78, 5, 10000.00),
(236, 78, 2, 250.00),
(237, 78, 3, 0.00),
(238, 78, 4, 250.00),
(239, 79, 1, 0.00),
(240, 79, 2, 25.00),
(241, 79, 3, 0.00),
(242, 79, 4, 25.00),
(243, 79, 5, 0.00),
(244, 80, 1, 1000.00),
(245, 80, 2, 35.00),
(246, 80, 3, 0.00),
(247, 80, 4, 35.00),
(248, 80, 5, 0.00),
(249, 81, 1, 0.00),
(250, 81, 2, 2500.00),
(251, 81, 3, 0.00),
(252, 81, 4, 2500.00),
(253, 81, 5, 0.00),
(254, 82, 1, 1000.00),
(255, 82, 5, 10000.00),
(256, 82, 2, 1000.00),
(257, 82, 3, 0.00),
(258, 82, 4, 1000.00),
(259, 83, 1, 0.00),
(260, 83, 2, 100.00),
(261, 83, 3, 0.00),
(262, 83, 4, 100.00),
(263, 83, 5, 0.00),
(264, 84, 1, 1000.00),
(265, 84, 2, 140.00),
(266, 84, 3, 0.00),
(267, 84, 4, 140.00),
(268, 84, 5, 0.00),
(269, 85, 1, 0.00),
(270, 85, 2, 2500.00),
(271, 85, 3, 0.00),
(272, 85, 4, 2500.00),
(273, 85, 5, 0.00),
(274, 85, 6, 12500.00),
(275, 85, 7, 1.00),
(276, 86, 1, 1000.00),
(277, 86, 1, 10000.00),
(278, 86, 2, 1000.00),
(279, 86, 3, 0.00),
(280, 86, 4, 1000.00),
(281, 86, 5, 10000.00),
(282, 86, 6, 5000.00),
(283, 86, 7, 1.00),
(284, 87, 1, 0.00),
(285, 87, 2, 100.00),
(286, 87, 3, 0.00),
(287, 87, 4, 100.00),
(288, 87, 5, 0.00),
(289, 87, 6, 500.00),
(290, 87, 7, 1.00),
(291, 88, 1, 1000.00),
(292, 88, 2, 140.00),
(293, 88, 3, 0.00),
(294, 88, 4, 140.00),
(295, 88, 5, 10000.00),
(296, 88, 6, 700.00),
(297, 88, 7, 1.00),
(298, 89, 1, 0.00),
(299, 89, 2, 2500.00),
(300, 89, 3, 0.00),
(301, 89, 4, 2500.00),
(302, 89, 5, 0.00),
(303, 89, 6, 12500.00),
(304, 89, 7, 1.00),
(305, 90, 1, 1000.00),
(306, 90, 1, 10000.00),
(307, 90, 2, 1000.00),
(308, 90, 3, 0.00),
(309, 90, 4, 1000.00),
(310, 90, 5, 10000.00),
(311, 90, 6, 5000.00),
(312, 90, 7, 1.00),
(313, 91, 1, 0.00),
(314, 91, 2, 100.00),
(315, 91, 3, 0.00),
(316, 91, 4, 100.00),
(317, 91, 5, 0.00),
(318, 91, 6, 500.00),
(319, 91, 7, 1.00),
(320, 92, 1, 1000.00),
(321, 92, 2, 140.00),
(322, 92, 3, 0.00),
(323, 92, 4, 140.00),
(324, 92, 5, 10000.00),
(325, 92, 6, 700.00),
(326, 92, 7, 1.00),
(327, 93, 1, 0.00),
(328, 93, 2, 2500.00),
(329, 93, 3, 0.00),
(330, 93, 4, 2500.00),
(331, 93, 5, 0.00),
(332, 93, 6, 12500.00),
(333, 93, 7, 1.00),
(334, 94, 1, 1000.00),
(335, 94, 1, 10000.00),
(336, 94, 2, 1000.00),
(337, 94, 3, 0.00),
(338, 94, 4, 1000.00),
(339, 94, 5, 10000.00),
(340, 94, 6, 5000.00),
(341, 94, 7, 1.00),
(342, 95, 1, 0.00),
(343, 95, 2, 100.00),
(344, 95, 3, 0.00),
(345, 95, 4, 100.00),
(346, 95, 5, 0.00),
(347, 95, 6, 500.00),
(348, 95, 7, 1.00),
(349, 96, 1, 1000.00),
(350, 96, 2, 140.00),
(351, 96, 3, 0.00),
(352, 96, 4, 140.00),
(353, 96, 5, 10000.00),
(354, 96, 6, 700.00),
(355, 96, 7, 1.00),
(356, 97, 1, 0.00),
(357, 97, 2, 2500.00),
(358, 97, 3, 0.00),
(359, 97, 4, 2500.00),
(360, 97, 5, 0.00),
(361, 97, 6, 12500.00),
(362, 97, 7, 1.00),
(363, 98, 1, 1000.00),
(364, 98, 1, 10000.00),
(365, 98, 2, 1000.00),
(366, 98, 3, 0.00),
(367, 98, 4, 1000.00),
(368, 98, 5, 10000.00),
(369, 98, 6, 5000.00),
(370, 98, 7, 1.00),
(371, 99, 1, 0.00),
(372, 99, 2, 100.00),
(373, 99, 3, 0.00),
(374, 99, 4, 100.00),
(375, 99, 5, 0.00),
(376, 99, 6, 500.00),
(377, 99, 7, 1.00),
(378, 100, 1, 1000.00),
(379, 100, 2, 140.00),
(380, 100, 3, 0.00),
(381, 100, 4, 140.00),
(382, 100, 5, 10000.00),
(383, 100, 6, 700.00),
(384, 100, 7, 1.00),
(385, 101, 1, 0.00),
(386, 101, 2, 2500.00),
(387, 101, 3, 0.00),
(388, 101, 4, 2500.00),
(389, 101, 5, 0.00),
(390, 101, 6, 12500.00),
(391, 101, 7, 1.00),
(392, 102, 1, 1000.00),
(393, 102, 1, 10000.00),
(394, 102, 2, 1000.00),
(395, 102, 3, 0.00),
(396, 102, 4, 1000.00),
(397, 102, 5, 10000.00),
(398, 102, 6, 5000.00),
(399, 102, 7, 1.00),
(400, 103, 1, 0.00),
(401, 103, 2, 100.00),
(402, 103, 3, 0.00),
(403, 103, 4, 100.00),
(404, 103, 5, 0.00),
(405, 103, 6, 500.00),
(406, 103, 7, 1.00),
(407, 104, 1, 1000.00),
(408, 104, 2, 140.00),
(409, 104, 3, 0.00),
(410, 104, 4, 140.00),
(411, 104, 5, 10000.00),
(412, 104, 6, 700.00),
(413, 104, 7, 1.00),
(414, 105, 1, 0.00),
(415, 105, 2, 2500.00),
(416, 105, 3, 0.00),
(417, 105, 4, 2500.00),
(418, 105, 5, 0.00),
(419, 105, 6, 12500.00),
(420, 105, 7, 1.00),
(421, 106, 1, 1000.00),
(422, 106, 1, 10000.00),
(423, 106, 2, 1000.00),
(424, 106, 3, 0.00),
(425, 106, 4, 1000.00),
(426, 106, 5, 10000.00),
(427, 106, 6, 5000.00),
(428, 106, 7, 1.00),
(429, 107, 1, 0.00),
(430, 107, 2, 100.00),
(431, 107, 3, 0.00),
(432, 107, 4, 100.00),
(433, 107, 5, 0.00),
(434, 107, 6, 500.00),
(435, 107, 7, 1.00),
(436, 108, 1, 1000.00),
(437, 108, 2, 140.00),
(438, 108, 3, 0.00),
(439, 108, 4, 140.00),
(440, 108, 5, 10000.00),
(441, 108, 6, 700.00),
(442, 108, 7, 10.00),
(443, 109, 1, 0.00),
(444, 109, 2, 2500.00),
(445, 109, 3, 0.00),
(446, 109, 4, 2500.00),
(447, 109, 5, 0.00),
(448, 109, 6, 12500.00),
(449, 109, 7, 1.00),
(450, 110, 1, 1000.00),
(451, 110, 1, 10000.00),
(452, 110, 2, 1000.00),
(453, 110, 3, 0.00),
(454, 110, 4, 1000.00),
(455, 110, 5, 10000.00),
(456, 110, 6, 5000.00),
(457, 110, 7, 1.00),
(458, 111, 1, 0.00),
(459, 111, 2, 100.00),
(460, 111, 3, 0.00),
(461, 111, 4, 100.00),
(462, 111, 5, 0.00),
(463, 111, 6, 500.00),
(464, 111, 7, 1.00),
(465, 112, 1, 1000.00),
(466, 112, 2, 140.00),
(467, 112, 3, 0.00),
(468, 112, 4, 140.00),
(469, 112, 5, 10000.00),
(470, 112, 6, 700.00),
(471, 112, 7, 10.00),
(472, 113, 1, 0.00),
(473, 113, 2, 2500.00),
(474, 113, 3, 0.00),
(475, 113, 4, 2500.00),
(476, 113, 5, 0.00),
(477, 113, 6, 12500.00),
(478, 113, 7, 1.00),
(479, 114, 1, 1000.00),
(480, 114, 1, 10000.00),
(481, 114, 2, 1000.00),
(482, 114, 3, 0.00),
(483, 114, 4, 1000.00),
(484, 114, 5, 10000.00),
(485, 114, 6, 5000.00),
(486, 114, 7, 1.00),
(487, 115, 1, 0.00),
(488, 115, 2, 100.00),
(489, 115, 3, 0.00),
(490, 115, 4, 100.00),
(491, 115, 5, 0.00),
(492, 115, 6, 500.00),
(493, 115, 7, 1.00),
(494, 116, 1, 1000.00),
(495, 116, 2, 140.00),
(496, 116, 3, 0.00),
(497, 116, 4, 140.00),
(498, 116, 5, 10000.00),
(499, 116, 6, 700.00),
(500, 116, 7, 10.00),
(501, 117, 1, 0.00),
(502, 117, 2, 2500.00),
(503, 117, 3, 0.00),
(504, 117, 4, 2500.00),
(505, 117, 5, 0.00),
(506, 117, 6, 12500.00),
(507, 117, 7, 1.00),
(508, 118, 1, 1000.00),
(509, 118, 1, 10000.00),
(510, 118, 2, 1000.00),
(511, 118, 3, 0.00),
(512, 118, 4, 1000.00),
(513, 118, 5, 10000.00),
(514, 118, 6, 5000.00),
(515, 118, 7, 1.00),
(516, 119, 1, 0.00),
(517, 119, 2, 100.00),
(518, 119, 3, 0.00),
(519, 119, 4, 100.00),
(520, 119, 5, 0.00),
(521, 119, 6, 500.00),
(522, 119, 7, 1.00),
(523, 120, 1, 1000.00),
(524, 120, 2, 140.00),
(525, 120, 3, 0.00),
(526, 120, 4, 140.00),
(527, 120, 5, 10000.00),
(528, 120, 6, 700.00),
(529, 120, 7, 10.00),
(530, 121, 1, 0.00),
(531, 121, 2, 150.00),
(532, 121, 3, 0.00),
(533, 121, 4, 150.00),
(534, 121, 5, 0.00),
(535, 121, 6, 750.00),
(536, 121, 7, 1.00),
(537, 122, 1, 0.00),
(538, 122, 2, 2500.00),
(539, 122, 3, 0.00),
(540, 122, 4, 2500.00),
(541, 122, 5, 0.00),
(542, 122, 6, 12500.00),
(543, 122, 7, 1.00),
(544, 123, 1, 1000.00),
(545, 123, 1, 10000.00),
(546, 123, 2, 1000.00),
(547, 123, 3, 0.00),
(548, 123, 4, 1000.00),
(549, 123, 5, 10000.00),
(550, 123, 6, 5000.00),
(551, 123, 7, 155.00),
(552, 124, 1, 0.00),
(553, 124, 2, 100.00),
(554, 124, 3, 0.00),
(555, 124, 4, 100.00),
(556, 124, 5, 0.00),
(557, 124, 6, 500.00),
(558, 124, 7, 1.00),
(559, 125, 1, 1000.00),
(560, 125, 2, 140.00),
(561, 125, 3, 0.00),
(562, 125, 4, 140.00),
(563, 125, 5, 10000.00),
(564, 125, 6, 700.00),
(565, 125, 7, 10.00),
(566, 126, 1, 0.00),
(567, 126, 2, 777.70),
(568, 126, 3, 0.00),
(569, 126, 4, 777.70),
(570, 126, 5, 0.00),
(571, 126, 6, 3888.50),
(572, 126, 7, 1.00),
(573, 127, 1, 0.00),
(574, 127, 2, 2500.00),
(575, 127, 3, 0.00),
(576, 127, 4, 2500.00),
(577, 127, 5, 0.00),
(578, 127, 6, 12500.00),
(579, 127, 7, 1.00),
(580, 128, 1, 1000.00),
(581, 128, 1, 10000.00),
(582, 128, 2, 1000.00),
(583, 128, 3, 0.00),
(584, 128, 4, 1000.00),
(585, 128, 5, 10000.00),
(586, 128, 6, 5000.00),
(587, 128, 7, 155.00),
(588, 129, 1, 0.00),
(589, 129, 2, 100.00),
(590, 129, 3, 0.00),
(591, 129, 4, 100.00),
(592, 129, 5, 0.00),
(593, 129, 6, 500.00),
(594, 129, 7, 1.00),
(595, 130, 1, 1000.00),
(596, 130, 2, 140.00),
(597, 130, 3, 0.00),
(598, 130, 4, 140.00),
(599, 130, 5, 10000.00),
(600, 130, 6, 700.00),
(601, 130, 7, 10.00),
(602, 131, 1, 0.00),
(603, 131, 2, 777.70),
(604, 131, 3, 0.00),
(605, 131, 4, 777.70),
(606, 131, 5, 0.00),
(607, 131, 6, 3888.50),
(608, 131, 7, 1.00),
(609, 132, 1, 0.00),
(610, 132, 2, 2500.00),
(611, 132, 3, 0.00),
(612, 132, 4, 2500.00),
(613, 132, 5, 0.00),
(614, 132, 6, 12500.00),
(615, 132, 7, 1.00),
(616, 133, 1, 1000.00),
(617, 133, 1, 10000.00),
(618, 133, 2, 1000.00),
(619, 133, 3, 0.00),
(620, 133, 4, 1000.00),
(621, 133, 5, 10000.00),
(622, 133, 6, 5000.00),
(623, 133, 7, 155.00),
(624, 134, 1, 0.00),
(625, 134, 2, 100.00),
(626, 134, 3, 0.00),
(627, 134, 4, 100.00),
(628, 134, 5, 0.00),
(629, 134, 6, 500.00),
(630, 134, 7, 1.00),
(631, 135, 1, 1000.00),
(632, 135, 2, 140.00),
(633, 135, 3, 0.00),
(634, 135, 4, 140.00),
(635, 135, 5, 10000.00),
(636, 135, 6, 700.00),
(637, 135, 7, 10.00),
(638, 136, 1, 0.00),
(639, 136, 2, 777.70),
(640, 136, 3, 0.00),
(641, 136, 4, 777.70),
(642, 136, 5, 0.00),
(643, 136, 6, 3888.50),
(644, 136, 7, 1.00);

-- --------------------------------------------------------

--
-- Estructura de tabla para la tabla `detalle_deduccion`
--

CREATE TABLE `detalle_deduccion` (
  `id_detalle_ded` int(11) NOT NULL,
  `id_detalle` int(11) NOT NULL,
  `id_tipo` int(11) DEFAULT NULL,
  `monto` decimal(12,2) NOT NULL DEFAULT 0.00
) ENGINE=InnoDB DEFAULT CHARSET=utf8mb4 COLLATE=utf8mb4_general_ci;

--
-- Volcado de datos para la tabla `detalle_deduccion`
--

INSERT INTO `detalle_deduccion` (`id_detalle_ded`, `id_detalle`, `id_tipo`, `monto`) VALUES
(1, 1, 1, 1000.00),
(2, 1, 2, 250.00),
(3, 1, 3, 125.00),
(4, 2, 1, 36.00),
(5, 2, 2, 9.00),
(6, 2, 3, 4.50),
(7, 3, 1, 1000.00),
(8, 3, 2, 250.00),
(9, 3, 3, 125.00),
(10, 4, 1, 36.00),
(11, 4, 2, 9.00),
(12, 4, 3, 4.50),
(13, 5, 1, 1000.00),
(14, 5, 2, 250.00),
(15, 5, 3, 125.00),
(16, 6, 1, 36.00),
(17, 6, 2, 9.00),
(18, 6, 3, 4.50),
(19, 7, 1, 1000.00),
(20, 7, 2, 250.00),
(21, 7, 3, 125.00),
(22, 8, 1, 36.00),
(23, 8, 2, 9.00),
(24, 8, 3, 4.50),
(25, 9, 1, 1000.00),
(26, 9, 2, 250.00),
(27, 9, 3, 125.00),
(28, 10, 1, 36.00),
(29, 10, 2, 9.00),
(30, 10, 3, 4.50),
(31, 11, 1, 1000.00),
(32, 11, 2, 250.00),
(33, 11, 3, 125.00),
(34, 12, 1, 36.00),
(35, 12, 2, 9.00),
(36, 12, 3, 4.50),
(37, 13, 1, 1000.00),
(38, 13, 2, 250.00),
(39, 13, 3, 125.00),
(40, 14, 1, 36.00),
(41, 14, 2, 9.00),
(42, 14, 3, 4.50),
(43, 15, 1, 1000.00),
(44, 15, 2, 250.00),
(45, 15, 3, 125.00),
(46, 16, 1, 36.00),
(47, 16, 2, 9.00),
(48, 16, 3, 4.50),
(49, 17, 1, 1000.00),
(50, 17, 2, 250.00),
(51, 17, 3, 125.00),
(52, 18, 1, 36.00),
(53, 18, 2, 9.00),
(54, 18, 3, 4.50),
(55, 19, 1, 1000.00),
(56, 19, 2, 250.00),
(57, 19, 3, 125.00),
(58, 20, 1, 36.00),
(59, 20, 2, 9.00),
(60, 20, 3, 4.50),
(70, 24, 1, 1000.00),
(71, 24, 2, 250.00),
(72, 24, 3, 125.00),
(73, 25, 1, 400.00),
(74, 25, 2, 100.00),
(75, 25, 3, 50.00),
(76, 26, 1, 1000.00),
(77, 26, 2, 250.00),
(78, 26, 3, 125.00),
(79, 27, 1, 400.00),
(80, 27, 2, 100.00),
(81, 27, 3, 50.00),
(82, 28, 1, 1000.00),
(83, 28, 2, 250.00),
(84, 28, 3, 125.00),
(85, 29, 1, 400.00),
(86, 29, 2, 100.00),
(87, 29, 3, 50.00),
(124, 42, 1, 1000.00),
(125, 42, 2, 250.00),
(126, 42, 3, 125.00),
(127, 42, NULL, 100.00),
(128, 43, 1, 400.00),
(129, 43, 2, 100.00),
(130, 43, 3, 50.00),
(131, 43, NULL, 500.00),
(159, 53, 1, 250.00),
(160, 53, 2, 62.50),
(161, 53, 3, 31.25),
(162, 54, 1, 100.00),
(163, 54, 2, 25.00),
(164, 54, 3, 12.50),
(165, 55, 1, 1000.00),
(166, 55, 2, 250.00),
(167, 55, 3, 125.00),
(168, 56, 1, 400.00),
(169, 56, 2, 100.00),
(170, 56, 3, 50.00),
(171, 57, 1, 1000.00),
(172, 57, 2, 250.00),
(173, 57, 3, 125.00),
(174, 58, 1, 400.00),
(175, 58, 2, 100.00),
(176, 58, 3, 50.00),
(177, 59, 1, 40.00),
(178, 59, 2, 10.00),
(179, 59, 3, 5.00),
(180, 60, 1, 56.00),
(181, 60, 2, 14.00),
(182, 60, 3, 7.00),
(183, 61, 1, 1000.00),
(184, 61, 2, 250.00),
(185, 61, 3, 125.00),
(186, 62, 1, 400.00),
(187, 62, 2, 100.00),
(188, 62, 3, 50.00),
(189, 63, 1, 40.00),
(190, 63, 2, 10.00),
(191, 63, 3, 5.00),
(192, 64, 1, 1000.00),
(193, 64, 2, 250.00),
(194, 64, 3, 125.00),
(195, 65, 1, 400.00),
(196, 65, 2, 100.00),
(197, 65, 3, 50.00),
(198, 66, 1, 40.00),
(199, 66, 2, 10.00),
(200, 66, 3, 5.00),
(201, 67, 1, 56.00),
(202, 67, 2, 14.00),
(203, 67, 3, 7.00),
(204, 68, 1, 1000.00),
(205, 68, 2, 250.00),
(206, 68, 3, 125.00),
(207, 69, 1, 400.00),
(208, 69, 2, 100.00),
(209, 69, 3, 50.00),
(210, 70, 1, 40.00),
(211, 70, 2, 10.00),
(212, 70, 3, 5.00),
(213, 71, 1, 1000.00),
(214, 71, 2, 250.00),
(215, 71, 3, 125.00),
(216, 72, 1, 400.00),
(217, 72, 2, 100.00),
(218, 72, 3, 50.00),
(219, 73, 1, 40.00),
(220, 73, 2, 10.00),
(221, 73, 3, 5.00),
(222, 74, 1, 56.00),
(223, 74, 2, 14.00),
(224, 74, 3, 7.00),
(225, 75, 1, 1000.00),
(226, 75, 2, 250.00),
(227, 75, 3, 125.00),
(228, 76, 1, 56.00),
(229, 76, 2, 14.00),
(230, 76, 3, 7.00),
(231, 77, 1, 250.00),
(232, 77, 2, 62.50),
(233, 77, 3, 31.25),
(234, 78, 1, 100.00),
(235, 78, 2, 25.00),
(236, 78, 3, 12.50),
(237, 79, 1, 10.00),
(238, 79, 2, 2.50),
(239, 79, 3, 1.25),
(240, 80, 1, 14.00),
(241, 80, 2, 3.50),
(242, 80, 3, 1.75),
(243, 81, 1, 1000.00),
(244, 81, 2, 250.00),
(245, 81, 3, 125.00),
(246, 81, 4, 2500.00),
(247, 82, 1, 400.00),
(248, 82, 2, 100.00),
(249, 82, 3, 50.00),
(250, 82, 4, 1000.00),
(251, 83, 1, 40.00),
(252, 83, 2, 10.00),
(253, 83, 3, 5.00),
(254, 83, 4, 100.00),
(255, 84, 1, 56.00),
(256, 84, 2, 14.00),
(257, 84, 3, 7.00),
(258, 84, 4, 140.00),
(259, 85, 1, 1000.00),
(260, 85, 2, 250.00),
(261, 85, 3, 125.00),
(262, 85, 4, 2500.00),
(263, 86, 1, 400.00),
(264, 86, 2, 100.00),
(265, 86, 3, 50.00),
(266, 86, 4, 1000.00),
(267, 87, 1, 40.00),
(268, 87, 2, 10.00),
(269, 87, 3, 5.00),
(270, 87, 4, 100.00),
(271, 88, 1, 56.00),
(272, 88, 2, 14.00),
(273, 88, 3, 7.00),
(274, 88, 4, 140.00),
(275, 89, 1, 1000.00),
(276, 89, 2, 250.00),
(277, 89, 3, 125.00),
(278, 89, 4, 2500.00),
(279, 89, NULL, 2000.00),
(280, 90, 1, 400.00),
(281, 90, 2, 100.00),
(282, 90, 3, 50.00),
(283, 90, 4, 1000.00),
(284, 90, NULL, 333.00),
(285, 91, 1, 40.00),
(286, 91, 2, 10.00),
(287, 91, 3, 5.00),
(288, 91, 4, 100.00),
(289, 92, 1, 56.00),
(290, 92, 2, 14.00),
(291, 92, 3, 7.00),
(292, 92, 4, 140.00),
(293, 93, 1, 1000.00),
(294, 93, 2, 250.00),
(295, 93, 3, 125.00),
(296, 93, 4, 2500.00),
(297, 93, NULL, 2000.00),
(298, 94, 1, 400.00),
(299, 94, 2, 100.00),
(300, 94, 3, 50.00),
(301, 94, 4, 1000.00),
(302, 94, NULL, 333.00),
(303, 95, 1, 40.00),
(304, 95, 2, 10.00),
(305, 95, 3, 5.00),
(306, 95, 4, 100.00),
(307, 96, 1, 56.00),
(308, 96, 2, 14.00),
(309, 96, 3, 7.00),
(310, 96, 4, 140.00),
(311, 97, 1, 1000.00),
(312, 97, 2, 250.00),
(313, 97, 3, 125.00),
(314, 97, 4, 2500.00),
(315, 97, NULL, 2000.00),
(316, 98, 1, 400.00),
(317, 98, 2, 100.00),
(318, 98, 3, 50.00),
(319, 98, 4, 1000.00),
(320, 98, NULL, 333.00),
(321, 99, 1, 40.00),
(322, 99, 2, 10.00),
(323, 99, 3, 5.00),
(324, 99, 4, 100.00),
(325, 100, 1, 56.00),
(326, 100, 2, 14.00),
(327, 100, 3, 7.00),
(328, 100, 4, 140.00),
(329, 101, 1, 1000.00),
(330, 101, 2, 250.00),
(331, 101, 3, 125.00),
(332, 101, 4, 2500.00),
(333, 101, NULL, 2000.00),
(334, 102, 1, 400.00),
(335, 102, 2, 100.00),
(336, 102, 3, 50.00),
(337, 102, 4, 1000.00),
(338, 102, NULL, 333.00),
(339, 103, 1, 40.00),
(340, 103, 2, 10.00),
(341, 103, 3, 5.00),
(342, 103, 4, 100.00),
(343, 104, 1, 56.00),
(344, 104, 2, 14.00),
(345, 104, 3, 7.00),
(346, 104, 4, 140.00),
(347, 105, 1, 1000.00),
(348, 105, 2, 250.00),
(349, 105, 3, 125.00),
(350, 105, 4, 2500.00),
(351, 106, 1, 400.00),
(352, 106, 2, 100.00),
(353, 106, 3, 50.00),
(354, 106, 4, 1000.00),
(355, 107, 1, 40.00),
(356, 107, 2, 10.00),
(357, 107, 3, 5.00),
(358, 107, 4, 100.00),
(359, 108, 1, 56.00),
(360, 108, 2, 14.00),
(361, 108, 3, 7.00),
(362, 108, 4, 140.00),
(363, 109, 1, 1000.00),
(364, 109, 2, 250.00),
(365, 109, 3, 125.00),
(366, 109, 4, 2500.00),
(367, 110, 1, 400.00),
(368, 110, 2, 100.00),
(369, 110, 3, 50.00),
(370, 110, 4, 1000.00),
(371, 111, 1, 40.00),
(372, 111, 2, 10.00),
(373, 111, 3, 5.00),
(374, 111, 4, 100.00),
(375, 112, 1, 56.00),
(376, 112, 2, 14.00),
(377, 112, 3, 7.00),
(378, 112, 4, 140.00),
(379, 113, 1, 1000.00),
(380, 113, 2, 250.00),
(381, 113, 3, 125.00),
(382, 113, 4, 2500.00),
(383, 114, 1, 400.00),
(384, 114, 2, 100.00),
(385, 114, 3, 50.00),
(386, 114, 4, 1000.00),
(387, 115, 1, 40.00),
(388, 115, 2, 10.00),
(389, 115, 3, 5.00),
(390, 115, 4, 100.00),
(391, 116, 1, 56.00),
(392, 116, 2, 14.00),
(393, 116, 3, 7.00),
(394, 116, 4, 140.00),
(395, 117, 1, 1000.00),
(396, 117, 2, 250.00),
(397, 117, 3, 125.00),
(398, 117, 4, 2500.00),
(399, 118, 1, 400.00),
(400, 118, 2, 100.00),
(401, 118, 3, 50.00),
(402, 118, 4, 1000.00),
(403, 119, 1, 40.00),
(404, 119, 2, 10.00),
(405, 119, 3, 5.00),
(406, 119, 4, 100.00),
(407, 120, 1, 56.00),
(408, 120, 2, 14.00),
(409, 120, 3, 7.00),
(410, 120, 4, 140.00),
(411, 121, 1, 60.00),
(412, 121, 2, 15.00),
(413, 121, 3, 7.50),
(414, 121, 4, 150.00),
(415, 122, 1, 1000.00),
(416, 122, 2, 250.00),
(417, 122, 3, 125.00),
(418, 123, 1, 400.00),
(419, 123, 2, 100.00),
(420, 123, 3, 50.00),
(421, 124, 1, 40.00),
(422, 124, 2, 10.00),
(423, 124, 3, 5.00),
(424, 125, 1, 56.00),
(425, 125, 2, 14.00),
(426, 125, 3, 7.00),
(427, 126, 1, 311.08),
(428, 126, 2, 77.77),
(429, 126, 3, 38.89),
(430, 127, 1, 1000.00),
(431, 127, 2, 250.00),
(432, 127, 3, 125.00),
(433, 128, 1, 400.00),
(434, 128, 2, 100.00),
(435, 128, 3, 50.00),
(436, 129, 1, 40.00),
(437, 129, 2, 10.00),
(438, 129, 3, 5.00),
(439, 130, 1, 56.00),
(440, 130, 2, 14.00),
(441, 130, 3, 7.00),
(442, 131, 1, 311.08),
(443, 131, 2, 77.77),
(444, 131, 3, 38.89),
(445, 132, 1, 1000.00),
(446, 132, 2, 250.00),
(447, 132, 3, 125.00),
(448, 133, 1, 400.00),
(449, 133, 2, 100.00),
(450, 133, 3, 50.00),
(451, 134, 1, 40.00),
(452, 134, 2, 10.00),
(453, 134, 3, 5.00),
(454, 135, 1, 56.00),
(455, 135, 2, 14.00),
(456, 135, 3, 7.00),
(457, 136, 1, 311.08),
(458, 136, 2, 77.77),
(459, 136, 3, 38.89);

-- --------------------------------------------------------

--
-- Estructura de tabla para la tabla `detalle_nomina`
--

CREATE TABLE `detalle_nomina` (
  `id_detalle` int(11) NOT NULL,
  `id_nomina` int(11) NOT NULL,
  `empleado_id` int(11) NOT NULL,
  `salario_base` decimal(12,2) NOT NULL DEFAULT 0.00,
  `total_asignaciones` decimal(12,2) DEFAULT 0.00,
  `total_deducciones` decimal(12,2) DEFAULT 0.00,
  `total_pagar` decimal(12,2) DEFAULT 0.00,
  `feriados_trabajados` tinyint(1) NOT NULL DEFAULT 0,
  `monto_recargo` decimal(10,2) NOT NULL DEFAULT 0.00
) ENGINE=InnoDB DEFAULT CHARSET=utf8mb4 COLLATE=utf8mb4_general_ci;

--
-- Volcado de datos para la tabla `detalle_nomina`
--

INSERT INTO `detalle_nomina` (`id_detalle`, `id_nomina`, `empleado_id`, `salario_base`, `total_asignaciones`, `total_deducciones`, `total_pagar`, `feriados_trabajados`, `monto_recargo`) VALUES
(1, 1, 1, 25000.00, 2500.00, 1375.00, 26125.00, 0, 0.00),
(2, 1, 2, 900.00, 90.00, 49.50, 940.50, 0, 0.00),
(3, 2, 1, 25000.00, 2500.00, 1375.00, 26125.00, 0, 0.00),
(4, 2, 2, 900.00, 90.00, 49.50, 940.50, 0, 0.00),
(5, 6, 1, 25000.00, 2500.00, 1375.00, 26125.00, 0, 0.00),
(6, 6, 2, 900.00, 90.00, 49.50, 940.50, 0, 0.00),
(7, 7, 1, 25000.00, 2500.00, 1375.00, 26125.00, 0, 0.00),
(8, 7, 2, 900.00, 90.00, 49.50, 940.50, 0, 0.00),
(9, 8, 1, 25000.00, 2500.00, 1375.00, 26125.00, 0, 0.00),
(10, 8, 2, 900.00, 90.00, 49.50, 940.50, 0, 0.00),
(11, 9, 1, 25000.00, 2500.00, 1375.00, 26125.00, 0, 0.00),
(12, 9, 2, 900.00, 90.00, 49.50, 940.50, 0, 0.00),
(13, 10, 1, 25000.00, 2500.00, 1375.00, 26125.00, 0, 0.00),
(14, 10, 2, 900.00, 90.00, 49.50, 940.50, 0, 0.00),
(15, 11, 1, 25000.00, 2500.00, 1375.00, 26125.00, 0, 0.00),
(16, 11, 2, 900.00, 90.00, 49.50, 940.50, 0, 0.00),
(17, 12, 1, 25000.00, 2500.00, 1375.00, 26125.00, 0, 0.00),
(18, 12, 2, 900.00, 90.00, 49.50, 940.50, 0, 0.00),
(19, 13, 1, 25000.00, 2500.00, 1375.00, 26125.00, 0, 0.00),
(20, 13, 2, 900.00, 90.00, 49.50, 940.50, 0, 0.00),
(24, 17, 1, 25000.00, 2500.00, 1375.00, 26125.00, 0, 0.00),
(25, 17, 2, 10000.00, 1000.00, 550.00, 10450.00, 0, 0.00),
(26, 18, 1, 25000.00, 2500.00, 1375.00, 26125.00, 0, 0.00),
(27, 18, 2, 10000.00, 1000.00, 550.00, 10450.00, 0, 0.00),
(28, 19, 1, 25000.00, 2500.00, 1375.00, 26125.00, 0, 0.00),
(29, 19, 2, 10000.00, 1000.00, 1050.00, 9950.00, 0, 0.00),
(42, 32, 1, 25000.00, 0.00, 1475.00, 23525.00, 0, 0.00),
(43, 32, 2, 10000.00, 0.00, 1050.00, 8950.00, 0, 0.00),
(53, 42, 1, 6250.00, 0.00, 343.75, 5906.25, 0, 0.00),
(54, 42, 2, 2500.00, 0.00, 137.50, 2362.50, 0, 0.00),
(55, 43, 1, 25000.00, 0.00, 1375.00, 23625.00, 0, 0.00),
(56, 43, 2, 10000.00, 0.00, 550.00, 9450.00, 0, 0.00),
(57, 44, 1, 25000.00, 2500.00, 1375.00, 26125.00, 0, 0.00),
(58, 44, 2, 10000.00, 1000.00, 550.00, 10450.00, 0, 0.00),
(59, 44, 4, 1000.00, 100.00, 55.00, 1045.00, 0, 0.00),
(60, 44, 5, 1400.00, 140.00, 77.00, 1463.00, 0, 0.00),
(61, 45, 1, 25000.00, 2500.00, 1375.00, 26125.00, 0, 0.00),
(62, 45, 2, 10000.00, 1000.00, 550.00, 10450.00, 0, 0.00),
(63, 45, 4, 1000.00, 100.00, 55.00, 1045.00, 0, 0.00),
(64, 46, 1, 25000.00, 2500.00, 1375.00, 26125.00, 0, 0.00),
(65, 46, 2, 10000.00, 1000.00, 550.00, 10450.00, 0, 0.00),
(66, 46, 4, 1000.00, 100.00, 55.00, 1045.00, 0, 0.00),
(67, 46, 5, 1400.00, 140.00, 77.00, 1463.00, 0, 0.00),
(68, 47, 1, 25000.00, 2500.00, 1375.00, 26125.00, 0, 0.00),
(69, 47, 2, 10000.00, 1000.00, 550.00, 10450.00, 0, 0.00),
(70, 47, 4, 1000.00, 100.00, 55.00, 1045.00, 0, 0.00),
(71, 48, 1, 25000.00, 2500.00, 1375.00, 26125.00, 0, 0.00),
(72, 48, 2, 10000.00, 1000.00, 550.00, 10450.00, 0, 0.00),
(73, 48, 4, 1000.00, 100.00, 55.00, 1045.00, 0, 0.00),
(74, 48, 5, 1400.00, 140.00, 77.00, 1463.00, 0, 0.00),
(75, 49, 1, 25000.00, 2500.00, 1375.00, 26125.00, 0, 0.00),
(76, 49, 5, 1400.00, 140.00, 77.00, 1463.00, 0, 0.00),
(77, 50, 1, 6250.00, 1250.00, 343.75, 7156.25, 0, 0.00),
(78, 50, 2, 2500.00, 11500.00, 137.50, 13862.50, 0, 0.00),
(79, 50, 4, 250.00, 50.00, 13.75, 286.25, 0, 0.00),
(80, 50, 5, 350.00, 1070.00, 19.25, 1400.75, 0, 0.00),
(81, 51, 1, 25000.00, 5000.00, 3875.00, 26125.00, 0, 0.00),
(82, 51, 2, 10000.00, 13000.00, 1550.00, 21450.00, 0, 0.00),
(83, 51, 4, 1000.00, 200.00, 155.00, 1045.00, 0, 0.00),
(84, 51, 5, 1400.00, 1280.00, 217.00, 2463.00, 0, 0.00),
(85, 52, 1, 25000.00, 17501.00, 3875.00, 38626.00, 0, 0.00),
(86, 52, 2, 10000.00, 28001.00, 1550.00, 36451.00, 0, 0.00),
(87, 52, 4, 1000.00, 701.00, 155.00, 1546.00, 0, 0.00),
(88, 52, 5, 1400.00, 11981.00, 217.00, 13164.00, 0, 0.00),
(89, 53, 1, 25000.00, 17501.00, 5875.00, 36626.00, 0, 0.00),
(90, 53, 2, 10000.00, 28001.00, 1883.00, 36118.00, 0, 0.00),
(91, 53, 4, 1000.00, 701.00, 155.00, 1546.00, 0, 0.00),
(92, 53, 5, 1400.00, 11981.00, 217.00, 13164.00, 0, 0.00),
(93, 54, 1, 25000.00, 17501.00, 5875.00, 36626.00, 0, 0.00),
(94, 54, 2, 10000.00, 28001.00, 1883.00, 36118.00, 0, 0.00),
(95, 54, 4, 1000.00, 701.00, 155.00, 1546.00, 0, 0.00),
(96, 54, 5, 1400.00, 11981.00, 217.00, 13164.00, 0, 0.00),
(97, 55, 1, 25000.00, 17501.00, 5875.00, 36626.00, 0, 0.00),
(98, 55, 2, 10000.00, 28001.00, 1883.00, 36118.00, 0, 0.00),
(99, 55, 4, 1000.00, 701.00, 155.00, 1546.00, 0, 0.00),
(100, 55, 5, 1400.00, 11981.00, 217.00, 13164.00, 0, 0.00),
(101, 56, 1, 25000.00, 17501.00, 5875.00, 36626.00, 0, 0.00),
(102, 56, 2, 10000.00, 28001.00, 1883.00, 36118.00, 0, 0.00),
(103, 56, 4, 1000.00, 701.00, 155.00, 1546.00, 0, 0.00),
(104, 56, 5, 1400.00, 11981.00, 217.00, 13164.00, 0, 0.00),
(105, 57, 1, 25000.00, 17501.00, 3875.00, 38626.00, 0, 0.00),
(106, 57, 2, 10000.00, 28001.00, 1550.00, 36451.00, 0, 0.00),
(107, 57, 4, 1000.00, 701.00, 155.00, 1546.00, 0, 0.00),
(108, 57, 5, 1400.00, 11990.00, 217.00, 13173.00, 0, 0.00),
(109, 58, 1, 25000.00, 17501.00, 3875.00, 38626.00, 0, 0.00),
(110, 58, 2, 10000.00, 28001.00, 1550.00, 36451.00, 0, 0.00),
(111, 58, 4, 1000.00, 701.00, 155.00, 1546.00, 0, 0.00),
(112, 58, 5, 1400.00, 11990.00, 217.00, 13173.00, 0, 0.00),
(113, 59, 1, 25000.00, 17501.00, 3875.00, 38626.00, 0, 0.00),
(114, 59, 2, 10000.00, 28001.00, 1550.00, 36451.00, 0, 0.00),
(115, 59, 4, 1000.00, 701.00, 155.00, 1546.00, 0, 0.00),
(116, 59, 5, 1400.00, 11990.00, 217.00, 13173.00, 0, 0.00),
(117, 60, 1, 25000.00, 17501.00, 3875.00, 38626.00, 0, 0.00),
(118, 60, 2, 10000.00, 28001.00, 1550.00, 36451.00, 0, 0.00),
(119, 60, 4, 1000.00, 701.00, 155.00, 1546.00, 0, 0.00),
(120, 60, 5, 1400.00, 11990.00, 217.00, 13173.00, 0, 0.00),
(121, 60, 7, 1500.00, 1051.00, 232.50, 2318.50, 0, 0.00),
(122, 61, 1, 25000.00, 17501.00, 1375.00, 41542.67, 1, 416.67),
(123, 61, 2, 10000.00, 28155.00, 550.00, 37605.00, 0, 0.00),
(124, 61, 4, 1000.00, 701.00, 55.00, 1646.00, 0, 0.00),
(125, 61, 5, 1400.00, 11990.00, 77.00, 13313.00, 0, 0.00),
(126, 61, 7, 7777.00, 5444.90, 427.74, 12923.78, 1, 129.62),
(127, 62, 1, 25000.00, 17501.00, 1375.00, 41126.00, 0, 0.00),
(128, 62, 2, 10000.00, 28155.00, 550.00, 37771.67, 1, 166.67),
(129, 62, 4, 1000.00, 701.00, 55.00, 1662.67, 1, 16.67),
(130, 62, 5, 1400.00, 11990.00, 77.00, 13313.00, 0, 0.00),
(131, 62, 7, 7777.00, 5444.90, 427.74, 12794.16, 0, 0.00),
(132, 63, 1, 25000.00, 17501.00, 1375.00, 41126.00, 0, 0.00),
(133, 63, 2, 10000.00, 28155.00, 550.00, 37605.00, 0, 0.00),
(134, 63, 4, 1000.00, 701.00, 55.00, 1662.67, 1, 16.67),
(135, 63, 5, 1400.00, 11990.00, 77.00, 13313.00, 0, 0.00),
(136, 63, 7, 7777.00, 5444.90, 427.74, 12794.16, 0, 0.00);

-- --------------------------------------------------------

--
-- Estructura de tabla para la tabla `empleados`
--

CREATE TABLE `empleados` (
  `id` int(11) NOT NULL,
  `cedula` varchar(20) NOT NULL,
  `nombre` varchar(100) NOT NULL,
  `apellido` varchar(100) NOT NULL,
  `direccion` text DEFAULT NULL,
  `telefono` varchar(20) DEFAULT NULL,
  `email` varchar(100) DEFAULT NULL,
  `fecha_ingreso` date NOT NULL,
  `salario_base` decimal(10,2) NOT NULL,
  `estado` enum('activo','inactivo') DEFAULT 'activo'
) ENGINE=InnoDB DEFAULT CHARSET=utf8mb4 COLLATE=utf8mb4_general_ci;

--
-- Volcado de datos para la tabla `empleados`
--

INSERT INTO `empleados` (`id`, `cedula`, `nombre`, `apellido`, `direccion`, `telefono`, `email`, `fecha_ingreso`, `salario_base`, `estado`) VALUES
(1, '12345678', 'Jhon', 'Administrador', 'Caracas', '04141234567', 'jhon@example.com', '2024-01-01', 25000.00, 'activo'),
(2, '99887766', 'Carlos', 'Pérez', 'La Guaira', '04145556677', 'carlos@example.com', '2024-01-15', 10000.00, 'activo'),
(4, '32657336', 'Jhon pequeño', 'Castillo correa', 'tucaca', '04123456781', 'casticj671119@gmail.com', '2025-11-13', 1000.00, 'activo'),
(5, '33657336', 'Emilio', 'Emiliano', 'La dolorita', '04142347728', 'emiliobatanero@gmail.com', '2025-01-29', 1400.00, 'activo'),
(7, '33218995', 'Isaac', 'Toro', 'Av. Principal #1', '0424-1314426', 'Isaac@email.com', '2026-01-15', 7777.00, 'activo');

-- --------------------------------------------------------

--
-- Estructura de tabla para la tabla `feriados`
--

CREATE TABLE `feriados` (
  `id_feriado` int(11) NOT NULL,
  `nombre` varchar(150) NOT NULL,
  `fecha` date NOT NULL,
  `tipo` enum('nacional','regional','interno') DEFAULT 'nacional',
  `obligatorio` tinyint(1) DEFAULT 1,
  `descripcion` text DEFAULT NULL,
  `creado_en` timestamp NOT NULL DEFAULT current_timestamp()
) ENGINE=InnoDB DEFAULT CHARSET=utf8mb4 COLLATE=utf8mb4_general_ci;

--
-- Volcado de datos para la tabla `feriados`
--

INSERT INTO `feriados` (`id_feriado`, `nombre`, `fecha`, `tipo`, `obligatorio`, `descripcion`, `creado_en`) VALUES
(1, 'Año Nuevo', '2025-01-01', 'nacional', 1, 'Inicio del año', '2025-12-29 14:41:48'),
(2, 'Día del Trabajo', '2025-05-01', 'nacional', 1, 'Feriado laboral', '2025-12-29 14:41:48'),
(3, 'Batalla de Carabobo', '2025-06-24', 'nacional', 1, 'Feriado histórico', '2025-12-29 14:41:48'),
(4, 'Feriado Interno Empresa', '2025-08-15', 'interno', 0, 'Aniversario empresa', '2025-12-29 14:41:48'),
(5, 'Año Nuevo', '2026-01-01', 'nacional', 1, 'Art. 184 LOTTT', '2026-04-21 13:26:45'),
(6, 'Carnaval (Lunes)', '2026-02-16', 'nacional', 1, 'Feriado móvil', '2026-04-21 13:26:45'),
(7, 'Carnaval (Martes)', '2026-02-17', 'nacional', 1, 'Feriado móvil', '2026-04-21 13:26:45'),
(8, 'Miércoles Santo', '2026-04-01', 'nacional', 1, 'Semana Santa — feriado móvil', '2026-04-21 13:26:45'),
(9, 'Jueves Santo', '2026-04-02', 'nacional', 1, 'Semana Santa — feriado móvil', '2026-04-21 13:26:45'),
(10, 'Viernes Santo', '2026-04-03', 'nacional', 1, 'Semana Santa — feriado móvil', '2026-04-21 13:26:45'),
(11, 'Declaración Independencia', '2026-04-19', 'nacional', 1, 'Art. 184 LOTTT', '2026-04-21 13:26:45'),
(12, 'Día del Trabajador', '2026-05-01', 'nacional', 1, 'Art. 184 LOTTT', '2026-04-21 13:26:45'),
(13, 'Batalla de Carabobo', '2026-06-24', 'nacional', 1, 'Art. 184 LOTTT', '2026-04-21 13:26:45'),
(14, 'Día de la Independencia', '2026-07-05', 'nacional', 1, 'Art. 184 LOTTT', '2026-04-21 13:26:45'),
(15, 'Natalicio Simón Bolívar', '2026-07-24', 'nacional', 1, 'Art. 184 LOTTT', '2026-04-21 13:26:45'),
(16, 'Día de la Resistencia', '2026-10-12', 'nacional', 1, 'Art. 184 LOTTT', '2026-04-21 13:26:45'),
(17, 'Nochebuena', '2026-12-24', 'nacional', 1, 'Art. 184 LOTTT', '2026-04-21 13:26:45'),
(18, 'Navidad', '2026-12-25', 'nacional', 1, 'Art. 184 LOTTT', '2026-04-21 13:26:45'),
(19, 'Fin de Año', '2026-12-31', 'nacional', 1, 'Art. 184 LOTTT', '2026-04-21 13:26:45');

-- --------------------------------------------------------

--
-- Estructura de tabla para la tabla `liquidaciones`
--

CREATE TABLE `liquidaciones` (
  `id_liquidacion` int(11) NOT NULL,
  `empleado_id` int(11) NOT NULL,
  `salario_base` decimal(12,2) NOT NULL,
  `anos_servicio` int(11) NOT NULL DEFAULT 0,
  `meses_adicionales` int(11) NOT NULL DEFAULT 0,
  `prestaciones_sociales` decimal(12,2) NOT NULL DEFAULT 0.00,
  `utilidades_prop` decimal(12,2) NOT NULL DEFAULT 0.00,
  `bono_vacacional_prop` decimal(12,2) NOT NULL DEFAULT 0.00,
  `indemnizacion` decimal(12,2) NOT NULL DEFAULT 0.00,
  `total_liquidacion` decimal(12,2) NOT NULL DEFAULT 0.00,
  `motivo` varchar(100) NOT NULL DEFAULT 'Retiro voluntario',
  `despido_injustificado` tinyint(1) NOT NULL DEFAULT 0,
  `fecha_liquidacion` datetime NOT NULL
) ENGINE=InnoDB DEFAULT CHARSET=latin1 COLLATE=latin1_swedish_ci;

-- --------------------------------------------------------

--
-- Estructura de tabla para la tabla `nomina`
--

CREATE TABLE `nomina` (
  `id_nomina` int(11) NOT NULL,
  `fecha_inicio` date NOT NULL,
  `fecha_fin` date NOT NULL,
  `tipo` enum('semanal','quincenal','mensual') DEFAULT 'mensual',
  `estado` enum('abierta','cerrada','pagada') DEFAULT 'abierta',
  `creada_por` varchar(100) DEFAULT NULL,
  `fecha_creacion` timestamp NOT NULL DEFAULT current_timestamp()
) ENGINE=InnoDB DEFAULT CHARSET=utf8mb4 COLLATE=utf8mb4_general_ci;

--
-- Volcado de datos para la tabla `nomina`
--

INSERT INTO `nomina` (`id_nomina`, `fecha_inicio`, `fecha_fin`, `tipo`, `estado`, `creada_por`, `fecha_creacion`) VALUES
(1, '2025-11-10', '2025-11-16', 'semanal', 'abierta', 'jhon', '2025-11-14 15:44:10'),
(2, '2025-11-17', '2025-11-23', 'semanal', 'abierta', 'jhon', '2025-11-17 20:51:14'),
(3, '2025-11-24', '2025-11-30', 'semanal', 'abierta', 'admin', '2025-11-19 04:00:00'),
(4, '2025-11-17', '2025-11-23', 'semanal', '', 'jhon', '2025-11-19 04:00:00'),
(6, '2025-11-17', '2025-11-23', 'semanal', 'abierta', 'jhon', '2025-11-19 19:09:10'),
(7, '2025-11-17', '2025-11-23', 'semanal', 'abierta', 'jhon', '2025-11-19 19:26:33'),
(8, '2025-11-17', '2025-11-23', 'semanal', 'pagada', 'jhon', '2025-11-20 20:09:33'),
(9, '2025-02-11', '2025-02-15', 'semanal', 'abierta', 'jhon', '2025-11-30 01:53:43'),
(10, '2025-11-10', '2025-11-16', 'semanal', 'abierta', 'jhon', '2025-11-30 01:54:22'),
(11, '2025-11-10', '2025-11-16', 'semanal', 'abierta', 'jhon', '2025-11-30 02:23:00'),
(12, '2025-12-01', '2025-12-31', 'mensual', 'abierta', 'jhon', '2025-12-05 14:45:59'),
(13, '2025-11-28', '2025-12-05', 'semanal', 'pagada', 'jhon', '2025-12-05 19:15:10'),
(17, '2026-01-19', '2026-01-25', 'semanal', 'abierta', 'jhon', '2026-01-21 19:49:39'),
(18, '2026-01-19', '2026-01-25', 'semanal', 'pagada', 'jhon', '2026-01-24 15:09:27'),
(19, '2026-01-19', '2026-01-25', 'semanal', 'pagada', 'jhon', '2026-01-24 15:42:00'),
(32, '2026-01-26', '2026-02-01', 'semanal', 'abierta', 'jhon', '2026-01-27 02:58:02'),
(42, '2026-01-12', '2026-01-18', 'semanal', 'abierta', 'jhon', '2026-01-30 19:39:53'),
(43, '2026-01-01', '2026-01-29', 'semanal', 'abierta', 'jhon', '2026-01-30 20:24:13'),
(44, '2026-03-02', '2026-03-08', 'mensual', 'abierta', 'jhon', '2026-03-06 18:51:20'),
(45, '2026-03-02', '2026-03-08', 'mensual', 'abierta', 'jhon', '2026-03-07 00:51:16'),
(46, '2026-03-02', '2026-03-08', 'mensual', 'abierta', 'jhon', '2026-03-07 00:51:25'),
(47, '2026-03-02', '2026-03-08', 'mensual', 'abierta', 'jhon', '2026-03-07 00:52:12'),
(48, '2026-03-02', '2026-03-08', 'mensual', 'abierta', 'jhon', '2026-03-07 00:52:22'),
(49, '2026-03-02', '2026-03-08', 'mensual', 'abierta', 'jhon', '2026-03-07 00:52:30'),
(50, '2026-03-02', '2026-03-08', 'semanal', 'abierta', 'jhon', '2026-03-07 18:09:38'),
(51, '2026-03-09', '2026-03-15', 'mensual', 'pagada', 'jhon', '2026-03-09 01:35:35'),
(52, '2026-03-09', '2026-03-15', 'mensual', 'pagada', 'jhon', '2026-03-09 21:15:35'),
(53, '2026-03-09', '2026-03-15', 'mensual', 'pagada', 'jhon', '2026-03-10 14:03:16'),
(54, '2026-03-09', '2026-03-15', 'mensual', 'pagada', 'jhon', '2026-03-10 14:04:24'),
(55, '2026-03-09', '2026-03-15', 'mensual', 'pagada', 'jhon', '2026-03-10 18:16:15'),
(56, '2026-03-09', '2026-03-15', 'mensual', 'pagada', 'jhon', '2026-03-10 18:21:49'),
(57, '2026-03-09', '2026-03-15', 'mensual', 'abierta', 'jhon', '2026-03-13 19:24:05'),
(58, '2026-03-09', '2026-03-15', 'mensual', 'abierta', 'jhon', '2026-03-14 04:10:57'),
(59, '2026-03-09', '2026-03-15', 'mensual', 'pagada', 'analista', '2026-03-14 04:12:02'),
(60, '2026-04-13', '2026-04-19', 'mensual', 'pagada', 'jhon', '2026-04-14 00:33:09'),
(61, '2026-04-13', '2026-04-19', 'mensual', 'abierta', 'jhon', '2026-04-21 13:28:10'),
(62, '2026-04-13', '2026-04-19', 'mensual', 'abierta', 'jhon', '2026-04-21 21:44:46'),
(63, '2026-04-13', '2026-04-26', 'mensual', 'pagada', 'jhon', '2026-04-21 21:46:58');

-- --------------------------------------------------------

--
-- Estructura de tabla para la tabla `pagos`
--

CREATE TABLE `pagos` (
  `id_pago` int(11) NOT NULL,
  `id_nomina` int(11) NOT NULL,
  `fecha_pago` date DEFAULT NULL,
  `total_pagado` decimal(14,2) DEFAULT NULL,
  `metodo` varchar(50) DEFAULT NULL,
  `notas` text DEFAULT NULL
) ENGINE=InnoDB DEFAULT CHARSET=utf8mb4 COLLATE=utf8mb4_general_ci;

--
-- Volcado de datos para la tabla `pagos`
--

INSERT INTO `pagos` (`id_pago`, `id_nomina`, `fecha_pago`, `total_pagado`, `metodo`, `notas`) VALUES
(1, 8, '2025-11-29', 27065.50, 'pago móvil', ''),
(2, 13, '2006-11-11', 27065.50, 'transferencia', ''),
(3, 19, '2026-01-25', 36075.00, 'transferencia', ''),
(4, 18, '2026-01-25', 36575.00, 'transferencia', ''),
(5, 53, '2026-03-10', 87454.00, 'transferencia', 'q213'),
(6, 54, '2026-03-14', 87454.00, 'transferencia', 'hyy'),
(7, 52, '2026-03-10', 89787.00, 'transferencia', ''),
(8, 55, '2026-03-10', 87454.00, 'transferencia', ''),
(9, 51, '2026-03-10', 51083.00, 'transferencia', ''),
(10, 56, '2026-03-10', 87454.00, 'transferencia', ''),
(11, 60, '2026-04-14', 92114.50, 'transferencia', ''),
(12, 59, '2026-04-21', 89796.00, 'transferencia', ''),
(13, 63, '2026-04-22', 106500.83, 'transferencia', '');

-- --------------------------------------------------------

--
-- Estructura de tabla para la tabla `tipo_asignacion`
--

CREATE TABLE `tipo_asignacion` (
  `id_asignacion` int(11) NOT NULL,
  `nombre` varchar(100) NOT NULL,
  `tipo` enum('fijo','porcentaje') NOT NULL DEFAULT 'fijo',
  `porcentaje` decimal(10,2) NOT NULL DEFAULT 0.00,
  `descripcion` text DEFAULT NULL,
  `aplica_a` varchar(20) DEFAULT 'todos',
  `activo` tinyint(1) NOT NULL DEFAULT 1
) ENGINE=InnoDB DEFAULT CHARSET=utf8mb4 COLLATE=utf8mb4_general_ci;

--
-- Volcado de datos para la tabla `tipo_asignacion`
--

INSERT INTO `tipo_asignacion` (`id_asignacion`, `nombre`, `tipo`, `porcentaje`, `descripcion`, `aplica_a`, `activo`) VALUES
(1, 'Bono Alimentación', 'fijo', 0.00, 'Bono en monto fijo por política', 'todos', 1),
(2, 'Bono por Responsabilidad', 'porcentaje', 10.00, '10% sobre salario base', 'todos', 1),
(3, 'Horas extras (ejemplo)', 'fijo', 0.00, 'Asignación por horas extras - monto calculado manualmente', 'todos', 1),
(4, 'Bono De Transporte', 'porcentaje', 10.00, 'Bono De Transporte', 'todos', 1),
(5, 'Asignación personalizada', 'fijo', 0.00, 'Asignación creada directamente para empleado', 'todos', 1),
(6, 'Bono De Guerra Economica', 'porcentaje', 50.00, '', 'todos', 1),
(7, 'Bonito', 'fijo', 1.00, 'Nada', 'todos', 1);

-- --------------------------------------------------------

--
-- Estructura de tabla para la tabla `tipo_deduccion`
--

CREATE TABLE `tipo_deduccion` (
  `id_tipo` int(11) NOT NULL,
  `nombre` varchar(100) NOT NULL,
  `tipo` enum('legal','interna') DEFAULT 'legal',
  `porcentaje` decimal(6,2) NOT NULL DEFAULT 0.00,
  `forma` enum('porcentaje','fijo') DEFAULT 'porcentaje',
  `monto_fijo` decimal(10,2) DEFAULT 0.00,
  `obligatorio` tinyint(1) DEFAULT 1,
  `activo` tinyint(1) DEFAULT 1,
  `descripcion` text DEFAULT NULL
) ENGINE=InnoDB DEFAULT CHARSET=utf8mb4 COLLATE=utf8mb4_general_ci;

--
-- Volcado de datos para la tabla `tipo_deduccion`
--

INSERT INTO `tipo_deduccion` (`id_tipo`, `nombre`, `tipo`, `porcentaje`, `forma`, `monto_fijo`, `obligatorio`, `activo`, `descripcion`) VALUES
(1, 'IVSS', 'legal', 4.00, 'porcentaje', 0.00, 1, 1, 'Seguro social - 4%'),
(2, 'FAOV', 'legal', 1.00, 'porcentaje', 0.00, 1, 1, 'Fondo de Ahorro para la Vivienda - 1%'),
(3, 'Paro Forzoso', 'legal', 0.50, 'porcentaje', 0.00, 1, 1, 'Paro Forzoso - 0.5%'),
(4, 'poligel', 'legal', 10.00, 'porcentaje', 0.00, 1, 0, '');

-- --------------------------------------------------------

--
-- Estructura de tabla para la tabla `usuarios`
--

CREATE TABLE `usuarios` (
  `id_usuario` int(11) NOT NULL,
  `usuario` varchar(50) NOT NULL,
  `clave` varchar(255) DEFAULT NULL,
  `cargo_id` int(11) DEFAULT NULL,
  `nombre_apellido` varchar(50) NOT NULL,
  `empleado_id` int(11) DEFAULT NULL,
  `activo` tinyint(1) NOT NULL DEFAULT 1
) ENGINE=InnoDB DEFAULT CHARSET=utf8mb4 COLLATE=utf8mb4_general_ci;

--
-- Volcado de datos para la tabla `usuarios`
--

INSERT INTO `usuarios` (`id_usuario`, `usuario`, `clave`, `cargo_id`, `nombre_apellido`, `empleado_id`, `activo`) VALUES
(1, 'jhon', '$2y$10$ebL1CzmALsWvFdsXLtPPue9x8Gb1Qf1GuP.1VhBYPherKeAeNu4jq', 1, 'Jhoneyker Correa', NULL, 1),
(2, 'jhonadmin', '123', 2, 'Jhoneyker Correa', 1, 1),
(7, 'Carlos123', '$2y$10$neoy0ayoblwgvngdrRPMBO.EG77LkjoLONqCQYrnSLlOUB1NfboR6', 2, 'cristian castillo', 2, 1),
(8, 'ana', '123', 1, 'Ana Hernandez', NULL, 1),
(9, 'admin', '123456', 1, 'Administrador Sistema', NULL, 1),
(10, 'Emilio123', '123456', 2, 'Emilio Emiliano', 5, 1),
(11, 'analista', '123456', 3, 'Analista Nomina', NULL, 1),
(12, 'rrhh', '123456', 4, 'Usuario RRHH', NULL, 1),
(13, 'finanzas', '123456', 5, 'Usuario Finanzas', NULL, 1),
(14, 'Isaac123', '1234', 2, 'Isaac Toro', 7, 1);

-- --------------------------------------------------------

--
-- Estructura de tabla para la tabla `vacaciones`
--

CREATE TABLE `vacaciones` (
  `id_vacacion` int(11) NOT NULL,
  `empleado_id` int(11) NOT NULL,
  `fecha_inicio` date NOT NULL,
  `fecha_fin` date NOT NULL,
  `dias_solicitados` int(11) NOT NULL,
  `dias_habiles` int(11) NOT NULL,
  `observaciones` text DEFAULT NULL,
  `creada_por` varchar(100) DEFAULT NULL,
  `creada_en` timestamp NOT NULL DEFAULT current_timestamp(),
  `estado` enum('pendiente','aprobado','rechazado') DEFAULT 'pendiente',
  `aprobado_por` varchar(100) DEFAULT NULL,
  `fecha_aprobacion` datetime DEFAULT NULL,
  `motivo_rechazo` text DEFAULT NULL
) ENGINE=InnoDB DEFAULT CHARSET=utf8mb4 COLLATE=utf8mb4_general_ci;

--
-- Volcado de datos para la tabla `vacaciones`
--

INSERT INTO `vacaciones` (`id_vacacion`, `empleado_id`, `fecha_inicio`, `fecha_fin`, `dias_solicitados`, `dias_habiles`, `observaciones`, `creada_por`, `creada_en`, `estado`, `aprobado_por`, `fecha_aprobacion`, `motivo_rechazo`) VALUES
(7, 1, '2026-03-03', '2026-03-05', 3, 3, '', 'jhon', '2026-03-02 15:47:34', 'rechazado', NULL, NULL, NULL),
(8, 1, '2026-03-10', '2026-03-28', 14, 14, '', 'jhon', '2026-03-02 19:34:55', 'aprobado', NULL, NULL, NULL),
(9, 1, '2026-04-07', '2026-04-11', 4, 4, '', 'jhon', '2026-03-02 19:35:49', 'rechazado', 'jhon', '2026-04-17 22:10:07', 'no tienes dias habiles'),
(10, 1, '2026-03-05', '2026-03-05', 1, 1, '', 'jhon', '2026-03-05 03:48:37', 'aprobado', 'jhon', '2026-03-04 23:48:40', NULL),
(11, 2, '2026-03-05', '2026-03-07', 2, 2, '', 'jhon', '2026-03-05 03:49:11', 'aprobado', 'jhon', '2026-03-04 23:49:19', NULL),
(12, 5, '2026-03-05', '2026-03-07', 2, 2, '', 'jhon', '2026-03-05 03:55:31', 'aprobado', 'jhon', '2026-03-04 23:55:34', NULL),
(13, 5, '2026-03-17', '2026-03-18', 2, 2, '', 'jhon', '2026-03-05 04:13:06', 'rechazado', NULL, NULL, NULL),
(14, 5, '2026-03-17', '2026-03-18', 2, 2, '', 'jhon', '2026-03-05 04:14:02', 'aprobado', 'jhon', '2026-03-05 00:14:06', NULL),
(15, 5, '2026-03-24', '2026-03-25', 2, 2, '', 'jhon', '2026-03-05 04:14:57', 'rechazado', 'jhon', '2026-03-05 00:15:01', 'asdas'),
(16, 5, '2026-04-07', '2026-04-08', 2, 2, '', 'jhon', '2026-03-05 04:16:15', 'aprobado', 'jhon', '2026-03-05 00:16:18', NULL),
(17, 2, '2026-04-08', '2026-04-10', 3, 3, '', 'jhon', '2026-03-31 02:26:42', 'aprobado', 'jhon', '2026-03-30 22:26:46', NULL);

--
-- Índices para tablas volcadas
--

--
-- Indices de la tabla `asignacion_empleado`
--
ALTER TABLE `asignacion_empleado`
  ADD PRIMARY KEY (`id_asig_emp`),
  ADD KEY `empleado_id` (`empleado_id`),
  ADD KEY `fk_asig_tipo` (`id_asignacion`);

--
-- Indices de la tabla `auditoria`
--
ALTER TABLE `auditoria`
  ADD PRIMARY KEY (`id`);

--
-- Indices de la tabla `cargo`
--
ALTER TABLE `cargo`
  ADD PRIMARY KEY (`cargo_id`);

--
-- Indices de la tabla `deduccion_empleado`
--
ALTER TABLE `deduccion_empleado`
  ADD PRIMARY KEY (`id_deduccion_emp`),
  ADD KEY `empleado_id` (`empleado_id`),
  ADD KEY `fk_ded_tipo` (`id_tipo`);

--
-- Indices de la tabla `detalle_asignacion`
--
ALTER TABLE `detalle_asignacion`
  ADD PRIMARY KEY (`id_detalle_asig`),
  ADD KEY `id_detalle` (`id_detalle`),
  ADD KEY `id_asignacion` (`id_asignacion`);

--
-- Indices de la tabla `detalle_deduccion`
--
ALTER TABLE `detalle_deduccion`
  ADD PRIMARY KEY (`id_detalle_ded`),
  ADD KEY `id_detalle` (`id_detalle`),
  ADD KEY `id_tipo` (`id_tipo`);

--
-- Indices de la tabla `detalle_nomina`
--
ALTER TABLE `detalle_nomina`
  ADD PRIMARY KEY (`id_detalle`),
  ADD KEY `id_nomina` (`id_nomina`),
  ADD KEY `empleado_id` (`empleado_id`);

--
-- Indices de la tabla `empleados`
--
ALTER TABLE `empleados`
  ADD PRIMARY KEY (`id`),
  ADD UNIQUE KEY `cedula` (`cedula`);

--
-- Indices de la tabla `feriados`
--
ALTER TABLE `feriados`
  ADD PRIMARY KEY (`id_feriado`);

--
-- Indices de la tabla `liquidaciones`
--
ALTER TABLE `liquidaciones`
  ADD PRIMARY KEY (`id_liquidacion`),
  ADD KEY `empleado_id` (`empleado_id`);

--
-- Indices de la tabla `nomina`
--
ALTER TABLE `nomina`
  ADD PRIMARY KEY (`id_nomina`);

--
-- Indices de la tabla `pagos`
--
ALTER TABLE `pagos`
  ADD PRIMARY KEY (`id_pago`),
  ADD KEY `id_nomina` (`id_nomina`);

--
-- Indices de la tabla `tipo_asignacion`
--
ALTER TABLE `tipo_asignacion`
  ADD PRIMARY KEY (`id_asignacion`);

--
-- Indices de la tabla `tipo_deduccion`
--
ALTER TABLE `tipo_deduccion`
  ADD PRIMARY KEY (`id_tipo`);

--
-- Indices de la tabla `usuarios`
--
ALTER TABLE `usuarios`
  ADD PRIMARY KEY (`id_usuario`),
  ADD KEY `cargo_id` (`cargo_id`);

--
-- Indices de la tabla `vacaciones`
--
ALTER TABLE `vacaciones`
  ADD PRIMARY KEY (`id_vacacion`),
  ADD KEY `empleado_id` (`empleado_id`);

--
-- AUTO_INCREMENT de las tablas volcadas
--

--
-- AUTO_INCREMENT de la tabla `asignacion_empleado`
--
ALTER TABLE `asignacion_empleado`
  MODIFY `id_asig_emp` int(11) NOT NULL AUTO_INCREMENT, AUTO_INCREMENT=12;

--
-- AUTO_INCREMENT de la tabla `auditoria`
--
ALTER TABLE `auditoria`
  MODIFY `id` int(11) NOT NULL AUTO_INCREMENT, AUTO_INCREMENT=3;

--
-- AUTO_INCREMENT de la tabla `cargo`
--
ALTER TABLE `cargo`
  MODIFY `cargo_id` int(11) NOT NULL AUTO_INCREMENT, AUTO_INCREMENT=6;

--
-- AUTO_INCREMENT de la tabla `deduccion_empleado`
--
ALTER TABLE `deduccion_empleado`
  MODIFY `id_deduccion_emp` int(11) NOT NULL AUTO_INCREMENT, AUTO_INCREMENT=7;

--
-- AUTO_INCREMENT de la tabla `detalle_asignacion`
--
ALTER TABLE `detalle_asignacion`
  MODIFY `id_detalle_asig` int(11) NOT NULL AUTO_INCREMENT, AUTO_INCREMENT=645;

--
-- AUTO_INCREMENT de la tabla `detalle_deduccion`
--
ALTER TABLE `detalle_deduccion`
  MODIFY `id_detalle_ded` int(11) NOT NULL AUTO_INCREMENT, AUTO_INCREMENT=460;

--
-- AUTO_INCREMENT de la tabla `detalle_nomina`
--
ALTER TABLE `detalle_nomina`
  MODIFY `id_detalle` int(11) NOT NULL AUTO_INCREMENT, AUTO_INCREMENT=137;

--
-- AUTO_INCREMENT de la tabla `empleados`
--
ALTER TABLE `empleados`
  MODIFY `id` int(11) NOT NULL AUTO_INCREMENT, AUTO_INCREMENT=8;

--
-- AUTO_INCREMENT de la tabla `feriados`
--
ALTER TABLE `feriados`
  MODIFY `id_feriado` int(11) NOT NULL AUTO_INCREMENT, AUTO_INCREMENT=20;

--
-- AUTO_INCREMENT de la tabla `liquidaciones`
--
ALTER TABLE `liquidaciones`
  MODIFY `id_liquidacion` int(11) NOT NULL AUTO_INCREMENT;

--
-- AUTO_INCREMENT de la tabla `nomina`
--
ALTER TABLE `nomina`
  MODIFY `id_nomina` int(11) NOT NULL AUTO_INCREMENT, AUTO_INCREMENT=64;

--
-- AUTO_INCREMENT de la tabla `pagos`
--
ALTER TABLE `pagos`
  MODIFY `id_pago` int(11) NOT NULL AUTO_INCREMENT, AUTO_INCREMENT=14;

--
-- AUTO_INCREMENT de la tabla `tipo_asignacion`
--
ALTER TABLE `tipo_asignacion`
  MODIFY `id_asignacion` int(11) NOT NULL AUTO_INCREMENT, AUTO_INCREMENT=8;

--
-- AUTO_INCREMENT de la tabla `tipo_deduccion`
--
ALTER TABLE `tipo_deduccion`
  MODIFY `id_tipo` int(11) NOT NULL AUTO_INCREMENT, AUTO_INCREMENT=5;

--
-- AUTO_INCREMENT de la tabla `usuarios`
--
ALTER TABLE `usuarios`
  MODIFY `id_usuario` int(11) NOT NULL AUTO_INCREMENT, AUTO_INCREMENT=15;

--
-- AUTO_INCREMENT de la tabla `vacaciones`
--
ALTER TABLE `vacaciones`
  MODIFY `id_vacacion` int(11) NOT NULL AUTO_INCREMENT, AUTO_INCREMENT=18;

--
-- Restricciones para tablas volcadas
--

--
-- Filtros para la tabla `asignacion_empleado`
--
ALTER TABLE `asignacion_empleado`
  ADD CONSTRAINT `asignacion_empleado_ibfk_1` FOREIGN KEY (`empleado_id`) REFERENCES `empleados` (`id`),
  ADD CONSTRAINT `fk_asig_tipo` FOREIGN KEY (`id_asignacion`) REFERENCES `tipo_asignacion` (`id_asignacion`);

--
-- Filtros para la tabla `deduccion_empleado`
--
ALTER TABLE `deduccion_empleado`
  ADD CONSTRAINT `deduccion_empleado_ibfk_1` FOREIGN KEY (`empleado_id`) REFERENCES `empleados` (`id`) ON DELETE CASCADE,
  ADD CONSTRAINT `fk_ded_tipo` FOREIGN KEY (`id_tipo`) REFERENCES `tipo_deduccion` (`id_tipo`);

--
-- Filtros para la tabla `detalle_asignacion`
--
ALTER TABLE `detalle_asignacion`
  ADD CONSTRAINT `detalle_asignacion_ibfk_1` FOREIGN KEY (`id_detalle`) REFERENCES `detalle_nomina` (`id_detalle`) ON DELETE CASCADE,
  ADD CONSTRAINT `detalle_asignacion_ibfk_2` FOREIGN KEY (`id_asignacion`) REFERENCES `tipo_asignacion` (`id_asignacion`) ON DELETE CASCADE;

--
-- Filtros para la tabla `detalle_deduccion`
--
ALTER TABLE `detalle_deduccion`
  ADD CONSTRAINT `detalle_deduccion_ibfk_1` FOREIGN KEY (`id_detalle`) REFERENCES `detalle_nomina` (`id_detalle`) ON DELETE CASCADE,
  ADD CONSTRAINT `detalle_deduccion_ibfk_2` FOREIGN KEY (`id_tipo`) REFERENCES `tipo_deduccion` (`id_tipo`) ON DELETE CASCADE;

--
-- Filtros para la tabla `detalle_nomina`
--
ALTER TABLE `detalle_nomina`
  ADD CONSTRAINT `detalle_nomina_ibfk_1` FOREIGN KEY (`id_nomina`) REFERENCES `nomina` (`id_nomina`) ON DELETE CASCADE,
  ADD CONSTRAINT `detalle_nomina_ibfk_2` FOREIGN KEY (`empleado_id`) REFERENCES `empleados` (`id`) ON DELETE CASCADE;

--
-- Filtros para la tabla `liquidaciones`
--
ALTER TABLE `liquidaciones`
  ADD CONSTRAINT `liquidaciones_ibfk_1` FOREIGN KEY (`empleado_id`) REFERENCES `empleados` (`id`);

--
-- Filtros para la tabla `pagos`
--
ALTER TABLE `pagos`
  ADD CONSTRAINT `pagos_ibfk_1` FOREIGN KEY (`id_nomina`) REFERENCES `nomina` (`id_nomina`) ON DELETE CASCADE;

--
-- Filtros para la tabla `usuarios`
--
ALTER TABLE `usuarios`
  ADD CONSTRAINT `usuarios_ibfk_2` FOREIGN KEY (`cargo_id`) REFERENCES `cargo` (`cargo_id`);

--
-- Filtros para la tabla `vacaciones`
--
ALTER TABLE `vacaciones`
  ADD CONSTRAINT `vacaciones_ibfk_1` FOREIGN KEY (`empleado_id`) REFERENCES `empleados` (`id`) ON DELETE CASCADE ON UPDATE CASCADE;
COMMIT;

/*!40101 SET CHARACTER_SET_CLIENT=@OLD_CHARACTER_SET_CLIENT */;
/*!40101 SET CHARACTER_SET_RESULTS=@OLD_CHARACTER_SET_RESULTS */;
/*!40101 SET COLLATION_CONNECTION=@OLD_COLLATION_CONNECTION */;
